{"init_params": {"cat_dims": [], "cat_emb_dim": [], "cat_idxs": [], "clip_value": 1, "device_name": "auto", "epsilon": 1e-15, "gamma": 1.9, "grouped_features": [], "input_dim": 26, "lambda_sparse": 0.001, "mask_type": "entmax", "momentum": 0.2, "n_a": 64, "n_d": 64, "n_indep_decoder": 1, "n_independent": 4, "n_shared": 3, "n_shared_decoder": 1, "n_steps": 8, "optimizer_params": {"lr": 0.1}, "output_dim": 2, "scheduler_fn": null, "scheduler_params": {}, "seed": 0, "verbose": 10}, "class_attrs": {"preds_mapper": {"0": 0, "1": 1}}}